,workerId,attackType,attackOrder,reliance,reliance_all,reliance_prev,switch,time_spent,high,low,attack,bird,machineLearning,trust,_id,assignmentId,hitId,humanPredictAccuracy,reliability,faith,competence,understandability,time
0,A1AAZFPAUJB1TX,1,1,0.3,0.23076923076923078,0.1875,0.3,87,5,0,5,hobby,expert,5.0,MLt95XoZeZ6sPesc3,3K5TEWLKGYOCN5OBEKHFP3S9JO7IVG,3XU80RHWH1THY18NJX9MYSNMPMR44U,99,4,5,5,6,Mon Jan 09 2023 15:28:43 GMT-0600 (Central Standard Time)
1,A2PC40UQTAFJCM,1,1,0.7,0.5,0.375,0.0,62,5,0,5,hobby,hobby,6.0,2sP6YaHjDWB25KezX,3EFVCAY5L6MA74C4O9R59QN1L518JJ,3VGET1QSZ2CQQQ9QV1DCWWQN0HG7W3,90,6,6,6,6,Mon Jan 09 2023 16:50:18 GMT-0500 (Eastern Standard Time)
2,A22VM7OOJO7JXM,1,0,0.8,0.6538461538461539,0.5625,0.0,127,2,3,5,lay,lay,5.0,ya5Y2oNr3iEuijuWb,338JKRMM29CSZMATX78YT4DHY1YAHL,3H781YYV6VVJ7OK6N4M7FMB5IA2ET6,40,3,4,3,4,Mon Jan 09 2023 17:09:18 GMT-0500 (Eastern Standard Time)
3,A1T2JRYTUVUD2O,1,0,1.0,0.8461538461538461,0.75,1.0,124,4,1,5,expert,hobby,5.0,5sHbNvNMQi3LP7RJA,3FTF2T8WLUVWRTVD00GYYCCK7689WI,35ZRNT9RUKB0KYZ123JC2L1LSDUO32,5,4,5,6,6,Mon Jan 09 2023 11:50:35 GMT-0800 (Pacific Standard Time)
4,AR1IWBDA7MC86,1,0,1.0,0.7692307692307693,0.625,1.0,49,3,2,5,lay,partial,4.0,jyuSS6udTfLAmEA2i,320DUZ38GAZP0JIM773T134Z9NDGJ4,3RHLQY6EDVHUYXRGC8AF1WHS2ZJ4D6,15,2,2,1,5,Mon Jan 09 2023 12:37:32 GMT-0600 (Central Standard Time)
5,A2ULMMUM0FJRN,1,0,1.0,0.8076923076923077,0.6875,-1.0,87,2,3,5,partial,partial,6.0,5WAo7nKC54LFsmzeu,3I3WADAZ9TH5LXKZ6OC752UWI94O5A,3JYPJ2TAYKLDLARV1YXTSUV858VPFT,80,6,5,6,6,Mon Jan 09 2023 14:04:59 GMT-0700 (Mountain Standard Time)
6,A34AZLYRHH6JJA,0,1,0.9,0.8846153846153846,0.875,0.875,101,5,0,5,hobby,partial,3.0,5x4PX86h9XvnWdzuo,3WEV0KO0OP5FN2RLSBBZNJSPSF5DS4,3XU80RHWH1THY18NJX9MYSNMPMR44U,100,6,3,4,4,Mon Jan 09 2023 16:42:31 GMT-0500 (Eastern Standard Time)
7,A20VOPLREIRWHT,1,1,0.6,0.8076923076923077,0.9375,0.3333333333333333,99,5,0,5,expert,expert,1.0,y3CYiwzBdWuskhGKD,3G2UL9A02GRUJVSEUL5AMMM1OEH67S,3GITHABAC0YTHV36XO5U4MWOWPP2NQ,80,2,2,5,4,Mon Jan 09 2023 14:08:43 GMT-0500 (Eastern Standard Time)
8,A31OL7O451QDGA,0,1,1.0,0.9615384615384616,0.9375,1.0,138,5,0,5,hobby,hobby,5.0,ji8M6oCoRcxLNpp8h,3HMIGG0U4OJ02T73A9S8JD2PY8IY89,3J94SKDEKK2CUGVGQDTP6ON62VED5K,80,3,2,5,5,Mon Jan 09 2023 14:14:52 GMT-0500 (Eastern Standard Time)
9,A2EJWQH858PMKM,0,0,1.0,1.0,1.0,1.0,153,2,3,5,hobby,hobby,5.0,6p9fFAFNMeRefQg2Q,3MTMREQS4YVAWC5IS6UYU7N4DPAWA6,34KYK9TV2TLKLLV7ODFR499YDUASBU,89,4,5,5,6,Mon Jan 09 2023 17:03:01 GMT-0500 (Eastern Standard Time)
10,AP22VL81UYON0,1,0,0.6,0.5,0.4375,0.0,137,2,3,5,expert,partial,2.0,7h78v9aHanAsmjjYP,3AUQQEL7U861GA7VAUS9JZSDXT90VK,3O71U79SRD2G4CZ4F250IPKSPTESMJ,75,4,2,3,5,Mon Jan 09 2023 14:34:12 GMT-0500 (Eastern Standard Time)
11,A3F1U43NLQSNXT,0,0,1.0,0.9615384615384616,0.9375,1.0,158,1,4,5,hobby,expert,6.0,TeDtHZ6kx7P9FC4Au,3F0BG9B9MS0W2F2K04025D6UNO0Y7A,3QTFNPMJC8VJN66IMVE8RX6VHYNZNU,90,6,5,7,6,Mon Jan 09 2023 13:52:40 GMT-0500 (Eastern Standard Time)
12,A25WJI15PMQ4RU,1,1,0.2,0.11538461538461539,0.0625,0.0,80,5,0,5,hobby,hobby,2.0,NdAyYquJcb4MSDZTY,3R8YZBNQ9KVNTDBY9UJ8SR3SOGPQ77,3EHIMLB7F9CCTEJKA7JI9TCVWD98HR,75,1,3,3,3,Mon Jan 09 2023 17:26:25 GMT-0500 (Eastern Standard Time)
13,A174SEDH0AZG4H,1,1,1.0,0.8076923076923077,0.6875,1.0,207,5,0,5,hobby,hobby,5.0,5HXjM5pfRvCJHndtZ,3R2UR8A0IDTENG49CUV2XLLGB7IOXM,3XQ4XW3ODBPQX8VB5KMG3G6UJOWS2R,70,4,5,4,6,Mon Jan 09 2023 13:39:13 GMT-0500 (Colombia Standard Time)
14,A91MYT031Q8YY,0,0,1.0,0.7692307692307693,0.625,-1.0,140,3,2,5,hobby,lay,5.0,8eH9qQ45Wi2aLSMSF,3QRYMNZ7F1UPOEVD65USTT0581OTNS,3CMIQF80GP322TZZ0I9EYT85H5E6QY,10,6,5,5,6,Mon Jan 09 2023 13:41:39 GMT-0500 (Eastern Standard Time)
15,A3AERKX1TO5QTL,0,1,0.8,0.9230769230769231,1.0,0.8571428571428571,196,5,0,5,expert,partial,3.0,QzeTFYzwtMzbtPC2M,34YB12FSQ11F1RO7A4GLHVWGDI8GMA,3QI9WAYOGSOEF9ECSMYJTTN6ZTZS69,80,3,2,4,4,Mon Jan 09 2023 16:48:08 GMT-0500 (Eastern Standard Time)
16,A3K2V4KU0MQOOW,0,0,1.0,1.0,1.0,1.0,433,2,3,5,partial,expert,6.0,xcufXTRYQmrv8BMEm,3OF2M9AATJ1K2KJ9FKRUNPKIZ3AKZ1,3IHWR4LC7FQCP9U4GP1395DAWQO8IK,75,5,4,7,6,Mon Jan 09 2023 14:32:45 GMT-0800 (Pacific Standard Time)
17,A2T7TY56KHU7L2,0,0,1.0,0.8076923076923077,0.6875,-1.0,88,2,3,5,partial,hobby,6.0,npv6SDhRgkFaTgNK5,3W8CV64QJ5CEU30O51UYX92XSIPH9K,3NI0WFPPIBTEE0U0JKFZJNHN41G600,70,6,5,6,6,Mon Jan 09 2023 14:21:18 GMT-0500 (Eastern Standard Time)
18,A2RBTIMQ9TOH4,1,0,0.6,0.5,0.4375,0.0,103,3,2,5,hobby,hobby,6.0,Ex6fMhsjgCjQAiTGG,3TXMY6UCAH1T5U6U0BRJ8DV6PRGQC0,3EHIMLB7F9CCTEJKA7JI9TCVWD98HR,90,5,1,7,6,Mon Jan 09 2023 18:21:26 GMT-0500 (Eastern Standard Time)
19,A3IJ76H1FTEEHH,0,0,1.0,0.7692307692307693,0.625,1.0,68,3,2,5,partial,lay,4.0,exNkNGdtXudiD8LFF,3AAPLD8UCFUXEI9237ZFO939MQKHTE,3IHWR4LC7FQCP9U4GP1395DAWQO8IK,70,2,5,3,3,Mon Jan 09 2023 14:23:03 GMT-0800 (Pacific Standard Time)
20,A2I6HPJP6BCG4A,1,0,1.0,0.8076923076923077,0.6875,1.0,74,3,2,5,expert,expert,7.0,6bXhz866SSBphXzqG,3XC1O3LBOVZZ0ESSUSEDG1WG36TTLV,3MXX6RQ9EXI3NUU6HH1A1QYHGIM4PK,95,7,6,7,6,Mon Jan 09 2023 14:08:08 GMT-0500 (Eastern Standard Time)
21,A1DLQO2Z6AHSDK,0,0,0.9,0.9615384615384616,1.0,0.8888888888888888,94,3,2,5,hobby,expert,5.0,8wwGYKm6AEcHEkHcK,31EUONYN2YGMJRZECFUK90OVVWFOVO,31D0ZWOD0CCF12639XWBZSJ90K6A0U,80,5,6,3,6,Mon Jan 09 2023 13:55:44 GMT-0500 (Eastern Standard Time)
24,A2RIDT5SZESV21,1,1,1.0,1.0,1.0,1.0,135,5,0,5,hobby,hobby,5.0,oF8mgfaWpRB5qKor9,3TAYZSBPLOLSKST5VMRIR01LVOH2SL,337F8MIIM1Q0ZDQM0WMKMPX98AB04A,95,4,5,6,5,Mon Jan 09 2023 16:12:00 GMT-0500 (Eastern Standard Time)
25,A1222PG5FIQJDA,0,1,1.0,0.9230769230769231,0.875,1.0,109,5,0,5,hobby,hobby,4.0,ex3MbDJ9MmqatJXEQ,3YHH42UU5ESYK5V1WQQ3WQUB6WW0LS,3NSCTNUR210EW9S4632NGNF0HSI5AB,80,3,3,3,3,Mon Jan 09 2023 17:11:12 GMT-0500 (Eastern Standard Time)
26,A3KEFLIEE61PZ2,0,0,0.3,0.2692307692307692,0.25,0.0,67,2,3,5,hobby,hobby,5.0,BNjs3YdS237ZoygjA,30LSNF239X83QEQ9QAX4NYVYMQDI27,33BFF6QPI3O8P783TPAMJFE7VFU3WU,85,6,5,5,5,Mon Jan 09 2023 16:19:45 GMT-0500 (Eastern Standard Time)
27,ATN30568MAGWS,0,1,1.0,0.6923076923076923,0.5,1.0,163,5,0,5,hobby,expert,5.0,xyyBYr4SoBffmCvu5,3JAOYWH7VLHGGZJEWM9WP1V49ZUL9R,3GITHABAC0YTHV36XO5U4MWOWPP2NQ,20,3,3,2,2,Mon Jan 09 2023 11:08:46 GMT-0800 (Pacific Standard Time)
29,A2R99OKTW7QVER,0,0,0.8,0.7307692307692307,0.6875,0.0,194,2,3,5,expert,hobby,4.0,NLQaaDPzRZok7TeQG,3VNL7UK1XIWD0MIW8HBFLORW6A9TFS,3S37Y8CWIADT73R7T3F5TK6D9FP4WF,80,4,3,4,5,Mon Jan 09 2023 11:06:12 GMT-0800 (Pacific Standard Time)
30,A37E5WQJFDG6QG,0,1,0.9,0.5384615384615384,0.3125,0.0,70,5,0,5,expert,expert,4.0,24cbNCgtNALNn5xAK,3X1FV8S5J04YREIGOWHC4RFT4BKGVR,3QI9WAYOGSOEF9ECSMYJTTN6ZTZS69,22,5,4,6,6,Mon Jan 09 2023 17:29:06 GMT-0500 (Eastern Standard Time)
31,A1QF8M9IXFS3J5,1,0,0.4,0.34615384615384615,0.3125,0.0,146,3,2,5,hobby,hobby,5.0,uskobo2cKgH4BbiZK,3AAPLD8UCFUXEI9237ZFO939MP4HTW,301KG0KX9EY17ZHVUQAHZ2ZSADGH2W,90,4,3,5,2,Mon Jan 09 2023 15:27:19 GMT-0500 (Eastern Standard Time)
32,A1XPZRA2XD4GNF,0,0,0.6,0.8076923076923077,0.9375,0.5555555555555556,80,2,3,5,hobby,hobby,5.0,BpxcxjFSMqb735EG7,30IQTZXKANJTKZCQA9TR7KPYD42X05,3XQ4XW3ODBPQX8VB5KMG3G6UJOWS2R,50,5,5,6,5,Mon Jan 09 2023 14:11:24 GMT-0500 (Eastern Standard Time)
33,A3OTMQBHLX8TCD,1,1,1.0,0.7307692307692307,0.5625,-1.0,188,5,0,5,hobby,hobby,4.0,YyqGrqZrBdSutor9Y,3GA6AFUKOR1SF1B8OSTO6WZBSR33HF,3HEADTGN2R5NTKT0E56MFBY9UK7RVB,90,4,4,4,4,Mon Jan 09 2023 13:39:23 GMT-0800 (Pacific Standard Time)
34,A141BEGMEHN31L,0,0,1.0,0.9615384615384616,0.9375,1.0,196,2,3,5,hobby,expert,5.0,Gxh23uAgvLbG4JDJM,33LKR6A5KHXMA7OO1IWUWMN2506T17,324N5FAHSZO16GG5OLXPEZCVZSDVKM,50,5,4,4,7,Mon Jan 09 2023 15:25:57 GMT-0500 (Eastern Standard Time)
35,A2FUFL66YEHXZR,0,0,1.0,1.0,1.0,1.0,182,2,3,5,lay,partial,2.0,MAq6Hbm3wEkPxkNNi,3I0BTBYZA0YIK420F5FTQYW7FAB0YT,3O71U79SRD2G4CZ4F250IPKSPTESMJ,50,3,3,4,5,Mon Jan 09 2023 14:48:37 GMT-0500 (Eastern Standard Time)
36,ARUSWPGI2EUL7,0,0,1.0,0.7692307692307693,0.625,1.0,315,4,1,5,hobby,hobby,7.0,ajobMuNjkrkPB26MB,384PI804XVELOIQRGZN48C86YQW0SY,3CMIQF80GP322TZZ0I9EYT85H5F6QZ,100,7,7,7,7,Mon Jan 09 2023 16:04:12 GMT-0500 (Eastern Standard Time)
37,A38CX8ZBPVP1Q6,0,0,0.7,0.6153846153846154,0.5625,0.4,70,2,3,5,partial,expert,2.0,epttEdrgmEqgKQB6D,3XCC1ODXDOOXBWVDI8HEX8USPSJQR6,3IHWR4LC7FQCP9U4GP1395DAWQO8IK,80,3,2,3,2,Mon Jan 09 2023 17:20:01 GMT-0500 (Eastern Standard Time)
38,A1NNPXN5XNH8NU,1,1,1.0,1.0,1.0,1.0,349,5,0,5,partial,partial,6.0,ghEbGxC4GkGkrCJFT,3DI28L7YXDRKLO6RBN7ZX0N12QIE11,39WSF6KUV4Y3UWFYRN08LC5IJ2KOET,70,5,6,7,5,Mon Jan 09 2023 14:53:48 GMT-0500 (Eastern Standard Time)
39,A2M5S1RXUCVE7L,1,1,0.9,0.7307692307692307,0.625,0.0,186,5,0,5,hobby,hobby,5.0,TuxuXzksxgL4ZPNYQ,3RWE2M8QWKNO85YM836I9IY0BRX0NV,31ANT7FQNAFT6W0IC9CFX924UN85HM,75,5,7,6,6,Mon Jan 09 2023 14:33:30 GMT-0800 (Pacific Standard Time)
41,A17QEFBJIP3K04,0,1,1.0,1.0,1.0,1.0,96,5,0,5,hobby,hobby,6.0,qA5GekEJx333MrvFF,3COPXFW7XEPQOGH3SBTSWRI4P4UPKC,34XASH8KLSZJRKJCNL16NKFH297MPX,80,4,6,4,5,Mon Jan 09 2023 16:08:41 GMT-0500 (Eastern Standard Time)
42,A3VUOP95Z4LJK7,0,0,0.3,0.19230769230769232,0.125,0.3333333333333333,106,2,3,5,expert,expert,7.0,R6gLQaFbQbGFWoxgq,3SBEHTYCWQGTRZJGJV4ZW2W314VIY9,3UDTAB6HH8C1WJWYHRIB3X8PU2O90E,92,7,4,7,7,Mon Jan 09 2023 14:43:35 GMT-0500 (Eastern Standard Time)
43,A2T4Z4KVKBYWLE,1,1,0.9,0.7307692307692307,0.625,0.5,153,5,0,5,partial,hobby,5.0,utzsAJvvZJ885NpFH,3R08VXYT7F8SDA7KL3IEKGLECG6W7F,3MXX6RQ9EXI3NUU6HH1A1QYHGIM4PK,70,5,4,3,5,Mon Jan 09 2023 13:53:58 GMT-0500 (Eastern Standard Time)
44,A3N9AQQJ7SC81R,0,0,0.7,0.5,0.375,0.25,118,2,3,5,partial,partial,6.0,ZytzokZ7Bgxk5HYTc,3IRIK4HM3DX0VCNAL2DL28EFPP9C6S,3TRB893CSLNUT4JQGW9UAT4Z6TP7G3,90,4,4,6,5,Mon Jan 09 2023 14:33:05 GMT-0500 (Eastern Standard Time)
45,A1AXAT2NUVHFI,1,0,1.0,0.8076923076923077,0.6875,-1.0,148,4,1,5,partial,expert,7.0,rYk25SSXR3Lb3frLH,3PDJHANYK8TRCKYQ7URMDZBV2I66HP,3QI9WAYOGSOEF9ECSMYJTTN6ZTZS69,75,5,6,6,4,Mon Jan 09 2023 13:43:49 GMT-0800 (Pacific Standard Time)
46,A1D9K1EH4KYL8W,0,1,0.9,0.8076923076923077,0.75,0.6666666666666666,87,5,0,5,expert,expert,6.0,ZXYcnbwfDvK7JGmvP,3EG49X351XPOYAY5CY98GLZPQ7ZX6H,37VHPF5VYEGLC684OF5HY2FFJL38CH,90,4,5,5,5,Mon Jan 09 2023 14:50:27 GMT-0500 (Eastern Standard Time)
47,A222G2VL6B17EK,0,1,0.6,0.6538461538461539,0.6875,0.0,85,5,0,5,hobby,expert,5.0,nauoDNCb3KaYLmv4X,3SLE99ER0QQJ9HFF97E1OM1SC84BZ9,309D674SH1Y4E46BRRPRP45GRROCBK,80,5,4,5,5,Mon Jan 09 2023 14:10:03 GMT-0500 (Eastern Standard Time)
48,A2NGK6RG7PXOYM,1,1,0.7,0.5,0.375,0.0,130,5,0,5,expert,expert,6.0,oKDvAXBakDXXsJdJm,3F0BG9B9MS0W2F2K04025D6UNOQ7Y9,301KG0KX9EY17ZHVUQAHZ2ZSADGH2W,80,5,5,6,5,Mon Jan 09 2023 15:08:30 GMT-0500 (Eastern Standard Time)
49,A2SS9DXNCEW29K,0,1,0.8,0.7307692307692307,0.6875,0.0,156,5,0,5,hobby,hobby,5.0,NDPSgwZ3kyj34pM9y,3AMYWKA6YEZ141KDB7MCX88WE3K6OB,3XQ4XW3ODBPQX8VB5KMG3G6UJOWS2R,26,4,4,4,5,Mon Jan 09 2023 12:37:04 GMT-0600 (Central Standard Time)
50,A339ULHZVY9RVV,1,0,1.0,0.9230769230769231,0.875,1.0,106,3,2,5,hobby,expert,6.0,Xc9w7qiWJPyTzdj7z,34BBWHLWHDOP2UOG4UMBB5BNQX8IWP,3MA5N0ATTEOEL5GAEV2L01V961FWKX,85,4,4,5,5,Mon Jan 09 2023 12:56:01 GMT-0800 (Pacific Standard Time)
51,A11QXCNVMVF2D,1,0,0.9,0.7307692307692307,0.625,0.0,139,2,3,5,hobby,expert,6.0,arHchbiuMoGih4pmq,3CFJTT4SXW3ACFNFWMEZJPC6X64I7S,3VEI3XUCZTAAO0W4STXN9J9R8W6RPQ,80,7,6,7,5,Mon Jan 09 2023 16:44:47 GMT-0500 (Eastern Standard Time)
52,A2X7O40HQMAZE8,0,0,0.1,0.11538461538461539,0.125,0.1111111111111111,72,2,3,5,partial,hobby,2.0,ocN7ni8eopCHxd2Eb,3IAS3U3I0ITT36C3K05N1BRLR0N2BC,34R0BODSP3CHMM9GM849C65R27FE5E,77,5,2,6,4,Mon Jan 09 2023 15:10:58 GMT-0500 (Eastern Standard Time)
53,A3FVTYM0D5BA65,0,1,0.9,0.6153846153846154,0.4375,0.0,142,5,0,5,hobby,hobby,6.0,6dX3yt4oM9nrJbndC,3LKC68YZ3DGZYGZJ2PZGV27926EWO5,34KYK9TV2TLKLLV7ODFR499YDUASBU,70,6,6,6,5,Tue Jan 10 2023 13:54:54 GMT-0800 (Pacific Standard Time)
54,A1MAAI31RSMZDL,0,0,1.0,0.7692307692307693,0.625,1.0,84,3,2,5,hobby,hobby,6.0,pWgM5ZPC9KXjcT2bg,3DUZQ9U6SP11HJR7JWBTT5YWSLZVS9,324N5FAHSZO16GG5OLXPEZCVZSDVKM,90,5,4,5,6,Mon Jan 09 2023 13:10:03 GMT-0700 (Mountain Standard Time)
55,AUIRW9NYNYKPC,1,1,1.0,0.7692307692307693,0.625,1.0,227,5,0,5,hobby,partial,6.0,bwwyZRRfRRGzLd3Pf,34QN5IT0T2435YBI21HZRL85MVW083,3LXX8KJXPYMMZ0OHJCKMTY47S549O4,45,4,4,5,5,Mon Jan 09 2023 12:47:14 GMT-0600 (Central Standard Time)
56,A33DT5GJKGBR8O,0,0,1.0,0.8846153846153846,0.8125,1.0,94,2,3,5,hobby,hobby,6.0,edabmzng5MxRDcvjT,3X73LLYYQ4RZJ54I6BD3FAXHX7DHNQ,3G9UA71JVX74K69RO2UX76WFYL6J7J,85,6,5,5,4,Mon Jan 09 2023 14:57:18 GMT-0500 (Eastern Standard Time)
57,A34YNEN8UUI3CD,1,0,1.0,0.9230769230769231,0.875,1.0,61,4,1,5,lay,partial,6.0,u2XWdFrQwLPbxQqvh,3HWRJOOET8FKF85LO6MJT1AASQJES9,3TRB893CSLNUT4JQGW9UAT4Z6TP7G3,70,6,6,5,5,Mon Jan 09 2023 13:29:07 GMT-0600 (Central Standard Time)
58,A3NT8QEXFBYGF,1,1,1.0,0.9615384615384616,0.9375,1.0,116,5,0,5,hobby,hobby,5.0,sa49MNnKFz8mKvqQ7,3X66WABAJZVEF5GX4MB6LWNADRQ3GG,3HEADTGN2R5NTKT0E56MFBY9UK7RVB,50,2,1,4,3,Mon Jan 09 2023 16:51:47 GMT-0500 (Eastern Standard Time)
59,A1OFRW8QAOMRDW,0,1,0.7,0.46153846153846156,0.3125,0.25,154,5,0,5,hobby,hobby,6.0,6DddW2mMBGZLiGbp6,36AHBNMV1UPCJO3URH3O55GQ900DYH,3MA5N0ATTEOEL5GAEV2L01V961FWKX,95,7,6,6,6,Mon Jan 09 2023 15:11:49 GMT-0600 (Central Standard Time)
60,A1HSI7UUYP5PM3,0,0,1.0,0.6923076923076923,0.5,1.0,165,2,3,5,hobby,partial,6.0,d9kkZBzcYk3tjzjCS,3MHW492WW3QYJOE2ZZF7HWZQ0XYMV7,3PKJ68EHDP91DVF31BG9YJL9CO3HJK,50,7,7,7,6,Mon Jan 09 2023 16:16:13 GMT-0600 (Central Standard Time)
61,A1TI3H864FF7BS,1,1,1.0,0.9230769230769231,0.875,1.0,78,5,0,5,expert,expert,5.0,DeGk7PnPCFBZqpZwW,32VNZTT0AAHQMR8FKBA1U5TNT024R3,3IHWR4LC7FQCP9U4GP1395DAWQO8IK,75,4,5,6,5,Mon Jan 09 2023 17:31:33 GMT-0500 (Eastern Standard Time)
62,A1073TZHGTUM09,0,1,0.1,0.038461538461538464,0.0,0.1111111111111111,67,5,0,5,hobby,expert,3.0,qvYBeWkia3xc9B7vi,3O7L7BFSHH2VLU2PJUS5PZ4NJSCEIC,3XD2A6FGFP71XSGAQT1VD3E8PU79S1,80,2,3,2,3,Mon Jan 09 2023 14:34:27 GMT-0500 (Eastern Standard Time)
64,A3K8HAHGWZF9H4,1,1,1.0,0.9230769230769231,0.875,1.0,225,5,0,5,hobby,lay,6.0,N9YR4MjAMGBeribqt,31T4R4OBOVTJZC1F4CID8MEBK0PC7N,3MXX6RQ9EXI3NUU6HH1A1QYHGIM4PK,95,3,4,4,4,Mon Jan 09 2023 11:01:53 GMT-0800 (Pacific Standard Time)
65,A2C2SAXSHN0YTH,0,0,1.0,1.0,1.0,1.0,137,2,3,5,partial,expert,3.0,K668Wi9qvJaRDJfK4,3ZY8KE4ISMGP43CURSMOY5JVAXYQVZ,3S37Y8CWIADT73R7T3F5TK6D9FP4WF,90,2,1,5,2,Mon Jan 09 2023 14:05:01 GMT-0500 (Eastern Standard Time)
66,A3PNWYB7Z1X25C,0,0,0.9,0.7307692307692307,0.625,0.75,153,2,3,5,hobby,partial,4.0,xEqjcK3AScXhMeCqu,3CTOC39K3A367Q7LE4ZZVQR6AK3J7D,3EPG8DX9LM3LJDY6VMKK6I4VGEH5PQ,59,4,4,4,4,Mon Jan 09 2023 14:21:24 GMT-0500 (Eastern Standard Time)
67,A22CWNSGO4UVGO,0,1,0.9,0.7692307692307693,0.6875,0.0,97,5,0,5,hobby,hobby,7.0,rYyHsfqvpDayMdFR5,3U5JL4WY5NMAJNURTAGTJNFBUHEX4J,3P520RYKCJJYBI62C8JEGORUOV9U5B,100,7,7,7,7,Mon Jan 09 2023 16:16:28 GMT-0500 (Eastern Standard Time)
68,A12LT7JTDX5V7J,1,1,0.1,0.11538461538461539,0.125,0.1111111111111111,63,5,0,5,hobby,lay,2.0,owdytjgwZ8jmz2yRp,31LM9EDVOO5VABZ8UBGORNDWA01NJN,3NSCTNUR210EW9S4632NGNF0HSI5AB,85,3,2,3,4,Mon Jan 09 2023 18:09:56 GMT-0500 (Eastern Standard Time)
69,A241UZ5RXUFV7X,0,0,1.0,1.0,1.0,1.0,113,1,4,5,hobby,hobby,4.0,NneNN385GRxJKYE8x,3OUYGIZWRABOBQAZOIJAD73VB5T0PK,3CMIQF80GP322TZZ0I9EYT85H5E6QY,70,4,3,6,5,Mon Jan 09 2023 13:45:36 GMT-0500 (Eastern Standard Time)
72,A1XMD1GGH85EMD,0,0,0.7,0.6538461538461539,0.625,0.0,102,1,4,5,lay,lay,6.0,s3t4j6TZgWJtL25pJ,3E337GFOLCLLJ997M5VLUALGI8CNGB,33BFF6QPI3O8P783TPAMJFE7VFU3WU,98,6,6,6,5,Mon Jan 09 2023 15:51:30 GMT-0500 (Eastern Standard Time)
73,A9J2P7EEIB6NR,1,0,0.9,0.7307692307692307,0.625,0.0,736,4,1,5,hobby,hobby,5.0,Szhq2XiKeDgcoSmpd,3B837J3LDR99OCAQAC6JS89T7FFSR6,388FBO7JZT6JIGWDQ9CPDQXTB4KNYS,90,5,6,6,6,Mon Jan 09 2023 19:44:46 GMT-0300 (Paraguay Summer Time)
74,A2560ACJ36QG4T,1,1,0.8,0.6923076923076923,0.625,0.3333333333333333,383,5,0,5,expert,hobby,5.0,x8WD9YEkXXdYsSqyn,32VNZTT0AAHQMR8FKBA1U5TNTZIR44,3D42WVSDHA87UOJWSLTC5LOK9DYYFW,5,6,5,5,6,Mon Jan 09 2023 12:03:25 GMT-0800 (Pacific Standard Time)
75,A1K7FKUQ1EHVAZ,0,0,0.9,0.7307692307692307,0.625,0.0,215,4,1,5,expert,expert,6.0,QGZ89qqXj4XmZp8kc,34MAJL3QP70Y3PND9L95C7Q7NMK34W,3UL5XDRDNEW0DLZP95I9KW95R4I85A,80,6,5,6,7,Mon Jan 09 2023 17:15:27 GMT-0500 (Eastern Standard Time)
76,A1Q6BI8YZ2XSJR,1,1,0.9,0.8846153846153846,0.875,0.875,107,5,0,5,hobby,hobby,4.0,ZeJdC7MCmn5iepd8w,3HFNH7HEMKR6M6MZ2XN2Y4GLNJ8QGA,3EHIMLB7F9CCTEJKA7JI9TCVWD98HR,85,4,3,3,4,Mon Jan 09 2023 17:22:40 GMT-0500 (Eastern Standard Time)
77,A208DRX0TB26QD,1,1,1.0,0.9230769230769231,0.875,1.0,82,5,0,5,expert,partial,3.0,6z38D9i5k4chSxatN,3Y9N9SS8L1OB3L662WAYFBKD0YI3DC,3GITHABAC0YTHV36XO5U4MWOWPP2NQ,66,3,3,6,5,Mon Jan 09 2023 14:04:11 GMT-0500 (Eastern Standard Time)
78,ADA4EGNNPKVSX,0,1,0.8,0.8846153846153846,0.9375,0.7142857142857143,111,5,0,5,expert,hobby,3.0,fdEXSCemmCh4gnf32,3ZOTGHDK5LO6RZIAIKPFYD4OWTFSOJ,3TUOHPJXYJAK55FHDEHAQV3B2AUWXM,90,2,4,6,2,Mon Jan 09 2023 16:32:50 GMT-0500 (Eastern Standard Time)
79,AA3GCZ3XIX093,1,1,0.1,0.15384615384615385,0.1875,0.125,98,5,0,5,expert,expert,7.0,MxAej5yyBJ8MfA6Nq,3D8YOU6S9HXWH64A7TYLWE0LWPC6US,3MXX6RQ9EXI3NUU6HH1A1QYHGIM4PK,70,5,2,5,3,Mon Jan 09 2023 14:47:38 GMT-0400 (Bolivia Time)
80,A2103SHKGFJEHZ,0,0,0.9,0.6923076923076923,0.5625,0.5,150,4,1,5,hobby,lay,4.0,9MCtjc3t4LpLNTKar,36V4Q8R5ZND6EGILD0LXB90IJ5JMQD,3PKJ68EHDP91DVF31BG9YJL9CO3HJK,80,4,5,5,5,Mon Jan 09 2023 17:10:41 GMT-0500 (Eastern Standard Time)
81,AUA3VQ48GSMLF,0,0,0.9,0.6923076923076923,0.5625,0.5,75,2,3,5,expert,expert,5.0,EaEBJGZtbLo4fxjbM,3GM6G9ZBKQAJ6WADU4FSGEB53B0TME,3D42WVSDHA87UOJWSLTC5LOK9DYYFW,54,3,4,6,4,Mon Jan 09 2023 15:11:59 GMT-0500 (Eastern Standard Time)
82,A1BJNY3YBP61OH,0,1,0.3,0.5,0.625,0.2222222222222222,265,5,0,5,hobby,hobby,2.0,c4SAJcvhNmGSTYrWN,3PEIJLRY6W6MSPDB3GMCEFY2EAKXWC,3NSCTNUR210EW9S4632NGNF0HSI5AB,90,2,2,2,2,Mon Jan 09 2023 17:24:08 GMT-0500 (Eastern Standard Time)
83,ALXT7FYMFOBCH,1,0,0.9,0.7692307692307693,0.6875,1.0,180,1,4,5,hobby,expert,2.0,ABPXyHTTwDMQKittD,3LRLIPTPETMJ1CB13SBV6WT9QI4AKR,31ANT7FQNAFT6W0IC9CFX924UN85HM,80,4,4,3,4,Mon Jan 09 2023 17:33:27 GMT-0500 (Eastern Standard Time)
84,A31P9S9LXL44SA,0,1,0.1,0.11538461538461539,0.125,0.125,69,5,0,5,hobby,hobby,2.0,iKG5Tk5hYCgpxbJME,3B4YI393VC9LPRA3P16OIIEPTIISSG,3TUOHPJXYJAK55FHDEHAQV3B2AUWXM,54,2,2,3,4,Mon Jan 09 2023 17:08:59 GMT-0500 (Eastern Standard Time)
85,AIT46JQK2GQ5O,1,1,0.8,0.8846153846153846,0.9375,0.875,247,5,0,5,hobby,hobby,2.0,2M5jkYEiHvrahLpn5,3F1567XTNZIR7WZRORHS6NUYJ5S9QF,3G9UA71JVX74K69RO2UX76WFYL6J7J,100,4,2,3,5,Mon Jan 09 2023 14:49:20 GMT-0500 (Eastern Standard Time)
86,A1K8Q710ZR2VBC,1,0,0.8,0.8461538461538461,0.875,0.7142857142857143,82,2,3,5,expert,expert,5.0,tKRefCX9pRBb4h9cq,3570Y55XZSWFV8DLT74WBQJNMSHYGD,3JYPJ2TAYKLDLARV1YXTSUV858VPFT,70,5,4,5,3,Mon Jan 09 2023 16:18:36 GMT-0500 (Eastern Standard Time)
87,A2Q5TJCWG497HL,0,1,1.0,1.0,1.0,1.0,117,5,0,5,hobby,hobby,5.0,W9ckpjKXcsjApjqAX,34J10VATJIBKIXSUSLN5JGT12WRIQL,3MA5N0ATTEOEL5GAEV2L01V961FWKX,80,5,5,5,7,Mon Jan 09 2023 15:50:13 GMT-0500 (Eastern Standard Time)
88,A3QIO1R74V8U15,0,0,0.8,0.6153846153846154,0.5,0.0,73,0,5,5,partial,hobby,5.0,LCrgLtLaA32RBboKs,3RUIQRXJBE1BH1KNLJCMUAMZ9THLLU,3UXQ63NLACZXH80H44IQSNV3L02BLZ,80,4,4,6,5,Mon Jan 09 2023 14:54:31 GMT-0500 (Eastern Standard Time)
89,AVEUOIZ1BBTDW,0,1,1.0,0.9230769230769231,0.875,1.0,92,5,0,5,hobby,hobby,6.0,dAeEEAes6AMTHusFk,3AUQQEL7U861GA7VAUS9JZSDXUX0VA,3UL5XDRDNEW0DLZP95I9KW95R4I85A,50,2,1,4,3,Mon Jan 09 2023 17:30:38 GMT-0500 (Eastern Standard Time)
91,A3PPC1F3K1QSID,1,0,0.0,0.038461538461538464,0.0625,0.0,91,3,2,5,hobby,partial,4.0,PYF9ZGeuApPmTbomw,3FE2ERCCZ0L9E72IQ3LL38ZD98HOP6,3GITHABAC0YTHV36XO5U4MWOWPP2NQ,85,5,3,5,6,Mon Jan 09 2023 14:20:46 GMT-0500 (Eastern Standard Time)
92,A2FF9CXQSYLZO8,0,0,0.9,0.7692307692307693,0.6875,0.5,295,2,3,5,hobby,hobby,5.0,dXaCBuPnrxvonGJAX,30IQTZXKANJTKZCQA9TR7KPYD4H0XN,3O71U79SRD2G4CZ4F250IPKSPTESMJ,75,5,4,3,4,Mon Jan 09 2023 14:38:17 GMT-0500 (Eastern Standard Time)
93,A1VZJLXV3K6UTE,0,1,0.9,0.6538461538461539,0.5,0.8571428571428571,116,5,0,5,hobby,expert,5.0,Xcb3JodgHhZ5b9zEu,3DR23U6WE8RLU8I0D6R9366WU9STE8,3MXX6RQ9EXI3NUU6HH1A1QYHGIM4PK,20,3,4,7,3,Mon Jan 09 2023 14:02:58 GMT-0500 (Eastern Standard Time)
94,ABX5OQLR6UNBC,0,0,1.0,0.7692307692307693,0.625,1.0,83,2,3,5,lay,lay,3.0,Ez59MNQzfPqvi6Tk4,3YOH7BII0CK3T0EZEN2R2J7MBS4VKC,3IHWR4LC7FQCP9U4GP1395DAWQO8IK,50,1,5,1,7,Mon Jan 09 2023 14:34:08 GMT-0800 (Pacific Standard Time)
95,A12IQWIYIO8O8L,1,0,0.9,0.7692307692307693,0.6875,0.0,316,3,2,5,hobby,expert,7.0,9r7Csffu778uELvnh,3VSOLARPKEMZ0VTPQG5WTF1N9ER93R,3XU80RHWH1THY18NJX9MYSNMPMR44U,90,5,6,6,7,Mon Jan 09 2023 13:06:39 GMT-0800 (Pacific Standard Time)
96,A1T7EB1WEDCMXV,1,1,0.9,0.7692307692307693,0.6875,0.5,268,5,0,5,lay,lay,5.0,eDcsDWTTi9gsyK5FP,3V5Q80FXI04O0B8Q57QHJST938Q231,3IHWR4LC7FQCP9U4GP1395DAWQO8IK,85,5,6,5,4,Mon Jan 09 2023 16:38:32 GMT-0600 (Central Standard Time)
97,A3LIDBKBLMBMDV,0,0,0.2,0.11538461538461539,0.0625,0.2,53,4,1,5,expert,hobby,2.0,NKTC6RAjJLCPXHrJg,35GCEFQ6I81E6MB2UEZV633GOHK3Z5,3HEADTGN2R5NTKT0E56MFBY9UK7RVB,66,5,4,3,2,Mon Jan 09 2023 16:32:44 GMT-0500 (Eastern Standard Time)
98,A1MT4FMXL4WRAF,1,0,1.0,0.7307692307692307,0.5625,1.0,107,3,2,5,hobby,expert,3.0,qZBRgsDZSDLsfJykH,3GNCZX450L0KC38HGKG32DF8KSAAPS,31ANT7FQNAFT6W0IC9CFX924UN85HM,85,3,3,4,5,Mon Jan 09 2023 17:37:32 GMT-0500 (Eastern Standard Time)
100,AF9VULR3VWR5I,0,0,1.0,0.8076923076923077,0.6875,1.0,120,3,2,5,expert,expert,6.0,7ehEMv4y6JuNZdeAg,34V1S5K3GVEYXEG79I3U0ID7J46695,3TRB893CSLNUT4JQGW9UAT4Z6TP7G3,80,5,6,7,6,Mon Jan 09 2023 14:09:31 GMT-0500 (Eastern Standard Time)
101,A1063TYATQVVDF,0,0,0.8,0.5384615384615384,0.375,0.5,113,3,2,5,lay,partial,7.0,qFT8bZmgSnaBKRM5s,3EJJQNKU9UIKY3WAZIUKOU2RY4IHRU,3CIS7GGG67WY71ZVN9CHKIX71O7UEB,95,7,7,7,7,Mon Jan 09 2023 13:25:50 GMT-0500 (Eastern Standard Time)
103,A170WNUFJK56WD,1,0,1.0,0.6923076923076923,0.5,1.0,127,2,3,5,partial,hobby,6.0,zRYjjpbS6KgCYQQ8u,34X6J5FLPWBGD8C0A385VH81FBMQJB,3QI9WAYOGSOEF9ECSMYJTTN6ZTZS69,80,5,2,5,5,Mon Jan 09 2023 16:51:17 GMT-0500 (Eastern Standard Time)
104,A18DF3XJM4BTEE,1,0,1.0,0.8076923076923077,0.6875,-1.0,62,2,3,5,hobby,hobby,6.0,e9SSYayRvw6sbz3CA,3TUI152ZZE09IRWWKE2ZRHCFLUPQ1A,3EHIMLB7F9CCTEJKA7JI9TCVWD98HR,70,3,4,6,6,Mon Jan 09 2023 17:24:21 GMT-0500 (Eastern Standard Time)
105,A3RTXGKCEQHCXT,0,1,0.2,0.11538461538461539,0.0625,0.0,52,5,0,5,expert,expert,4.0,hJAXMXovzu2a9pchv,3WQ3B2KGEBTMELU71W59WSHGZTQ1B9,31D0ZWOD0CCF12639XWBZSJ90K6A0U,50,4,4,1,4,Mon Jan 09 2023 13:48:13 GMT-0500 (Eastern Standard Time)
106,A2CZ8O9PGNTC2L,1,1,1.0,0.7692307692307693,0.625,-1.0,229,5,0,5,partial,expert,7.0,sG3iCwS6HqTPacpyA,3KKG4CDWKLBKIRCTQUAF3KTTNEM94B,33BFF6QPI3O8P783TPAMJFE7VFU3WU,75,6,5,5,5,Mon Jan 09 2023 13:15:47 GMT-0800 (Pacific Standard Time)
107,A1YOXTPDH26AZH,1,0,1.0,0.7307692307692307,0.5625,1.0,327,1,4,5,hobby,lay,4.0,TZPkqv9KTyeNs62Dq,3I3WADAZ9TH5LXKZ6OC752UWI93O59,3MA5N0ATTEOEL5GAEV2L01V961FWKX,75,4,3,3,5,Mon Jan 09 2023 13:01:55 GMT-0800 (Pacific Standard Time)
109,A3FGM39ZXTPEJB,1,1,0.1,0.23076923076923078,0.3125,0.1111111111111111,66,5,0,5,expert,partial,4.0,EcFNQrocaFWr3mPCv,39RP059MEK6JAAGWUIO7GK5JX5ABMI,3MA5N0ATTEOEL5GAEV2L01V961FWKX,66,4,2,4,5,Mon Jan 09 2023 15:54:22 GMT-0500 (Eastern Standard Time)
110,AGGXZGEFBI88B,0,1,1.0,0.9615384615384616,0.9375,1.0,338,5,0,5,lay,partial,4.0,DuqE8ctfej8SygQbg,3S3AMIZX3XIZGL2PVPLZ8EO76CKCDA,337F8MIIM1Q0ZDQM0WMKMPX98AB04A,90,7,6,7,5,Mon Jan 09 2023 16:18:26 GMT-0500 (Eastern Standard Time)
111,A32G74YAZSI4IK,1,0,1.0,1.0,1.0,1.0,115,3,2,5,hobby,hobby,5.0,RwZbjfGynoApJLNqg,39O5D9O87W51YT0S20FNV52VFY7C3M,3TRB893CSLNUT4JQGW9UAT4Z6TP7G3,80,6,5,5,4,Mon Jan 09 2023 14:10:38 GMT-0500 (Eastern Standard Time)
112,A2OIZYL824AGKU,1,0,1.0,0.7692307692307693,0.625,-1.0,149,2,3,5,partial,expert,7.0,iWRfZp82NPvFjkzFH,3VP0C6EFSJ9D4YZ1YR7Z54JRJ4T6MM,34R0BODSP3CHMM9GM849C65R27FE5E,75,5,6,6,6,Mon Jan 09 2023 12:42:02 GMT-0800 (Pacific Standard Time)
114,A1I3Z24C70SS45,1,0,1.0,1.0,1.0,1.0,119,2,3,5,hobby,partial,5.0,n8pzqFj3u3qbiT6RK,3AQF3RZ55BV7YO7KC43MAEZIM3T6FR,3QI9WAYOGSOEF9ECSMYJTTN6ZTZS69,50,2,1,4,3,Mon Jan 09 2023 16:58:25 GMT-0500 (Eastern Standard Time)
115,A2DR8CSBXA0SDG,0,0,1.0,0.8076923076923077,0.6875,-1.0,136,3,2,5,hobby,hobby,6.0,xXypchjvoLHn2qzMR,3KV0LJBBH5Y6QHXLQFAXGZANFQ1RMX,3G9UA71JVX74K69RO2UX76WFYL6J7J,60,5,6,5,3,Mon Jan 09 2023 14:46:33 GMT-0500 (Eastern Standard Time)
117,A3Q897SMMVA32T,1,0,0.6,0.6538461538461539,0.6875,0.0,76,3,2,5,partial,hobby,1.0,E84weQxoZe9g5buqX,3TMFV4NEPBRWDOC3V8AKYGH9N1BW83,36818Z1KV5QBIU50SKEU1QHG3WRA3Q,80,3,2,6,4,Mon Jan 09 2023 17:11:54 GMT-0500 (Eastern Standard Time)
118,A1BVHARHZ1B8FZ,1,1,0.8,0.6153846153846154,0.5,0.6,130,5,0,5,expert,hobby,6.0,77Xr3fYsLtLaT7Np4,32UTUBMZ7J920XA58APY3GOWOXPVBK,3QTFNPMJC8VJN66IMVE8RX6VHYNZNU,100,6,5,7,5,Mon Jan 09 2023 13:25:27 GMT-0500 (Eastern Standard Time)
119,ADJCLBRKVM2KZ,0,0,0.9,0.9615384615384616,1.0,0.8888888888888888,97,3,2,5,hobby,partial,5.0,9pkFPRyMdFe6JMGWv,3HPZF4IVNP62EWXGRL8DLZY8O0WYCA,36818Z1KV5QBIU50SKEU1QHG3WRA3Q,50,2,1,4,3,Mon Jan 09 2023 18:13:04 GMT-0500 (Eastern Standard Time)
120,AD9UZ3XGESASI,1,1,0.0,0.07692307692307693,0.125,0.0,90,5,0,5,expert,expert,6.0,W6sHGBPTicgADsxRp,3TMSXRD2X9DE2OSIWN15J6U19VY1WH,34XASH8KLSZJRKJCNL16NKFH297MPX,80,1,2,4,3,Mon Jan 09 2023 16:00:42 GMT-0500 (Eastern Standard Time)
122,ANI69IZJLR0E6,1,0,1.0,0.7692307692307693,0.625,-1.0,181,3,2,5,lay,hobby,6.0,3aSp8KyFXaA7ArZvt,32EYX73OY3MP3P2UZH1J79RHSCVURJ,3J94SKDEKK2CUGVGQDTP6ON62VED5K,50,2,4,5,4,Mon Jan 09 2023 14:14:05 GMT-0500 (Eastern Standard Time)
123,A3F7C28TEYK795,0,0,1.0,0.6923076923076923,0.5,1.0,101,2,3,5,expert,expert,5.0,bZmJowGuBHi8Aq3Cv,3EICBYG6479CJ72H5L7ABCJKBWMCJT,34KYK9TV2TLKLLV7ODFR499YDUASBU,80,2,4,5,3,Mon Jan 09 2023 15:55:57 GMT-0600 (Central Standard Time)
124,A2OQOO0UTM2GMG,0,1,0.7,0.6153846153846154,0.5625,0.0,74,5,0,5,hobby,hobby,7.0,AGHJ9Q9hRTTxpD9tt,3TPZPLC3M3PKSI9W751TF512EII3PP,33P2GD6NRP5WOFLLJWGLZYLMRD3KHM,95,6,5,5,6,Mon Jan 09 2023 17:02:42 GMT-0600 (Central Standard Time)
125,AVNYN96Q8S1NW,1,0,1.0,0.8846153846153846,0.8125,1.0,83,2,3,5,expert,expert,3.0,Wn7xFxKM8Ryd4wbX9,3UNH76FOCVIFNI974A2ROV3KIEYMYE,3G5RUKN2EEG4HFO5IXK9E9422V09NQ,81,4,3,5,5,Mon Jan 09 2023 17:20:01 GMT-0500 (Eastern Standard Time)
126,ANQ0RLFEZ17W0,1,0,1.0,0.7692307692307693,0.625,1.0,91,2,3,5,lay,lay,5.0,dZmxXLNKpewDghQ9o,3KKG4CDWKLBKIRCTQUAF3KTTND394Q,3NI0WFPPIBTEE0U0JKFZJNHN41G600,65,6,5,3,5,Mon Jan 09 2023 14:43:28 GMT-0500 (Eastern Standard Time)
127,A2CFG15CY2363O,0,1,1.0,0.9615384615384616,0.9375,1.0,127,5,0,5,hobby,hobby,6.0,fMSRyjaBZSFHFjMHt,326O153BMLBEDJM3RGRUY2OAROPEDX,34R0BODSP3CHMM9GM849C65R27FE5E,60,5,4,6,5,Mon Jan 09 2023 12:44:05 GMT-0800 (Pacific Standard Time)
128,A1ZM6QAACERY2T,1,0,1.0,0.6923076923076923,0.5,1.0,85,3,2,5,hobby,hobby,6.0,gRPosi7LzmqXkhapq,3C2NJ6JBKDUV4F10NQAWS6RF8OON27,3NI0WFPPIBTEE0U0JKFZJNHN41G600,100,6,5,6,7,Mon Jan 09 2023 14:32:04 GMT-0500 (Eastern Standard Time)
129,A2FNTIPS5UNJT5,0,1,1.0,0.9615384615384616,0.9375,1.0,96,5,0,5,expert,expert,2.0,8eNQPRYxurA2Sqicv,32XVDSJFP2APMXG0BPVWFR2F3ZZ2M9,337F8MIIM1Q0ZDQM0WMKMPX98AB04A,80,4,2,5,5,Mon Jan 09 2023 16:45:41 GMT-0500 (Eastern Standard Time)
130,A6PJ7HXM1IDKS,1,1,1.0,0.9615384615384616,0.9375,1.0,736,5,0,5,hobby,hobby,5.0,42X5no9wLCzusFc7i,3DR23U6WE8RLU8I0D6R9366WUAOTE6,3PKVGQTFIJX4XEO5JGT6MA23C19RYK,100,6,6,4,6,Mon Jan 09 2023 16:46:28 GMT-0500 (Eastern Standard Time)
131,ADTQZUNPMXKC6,1,0,0.6,0.5769230769230769,0.5625,0.4,64,3,2,5,hobby,partial,3.0,pqTBqap87p4kBQiZR,34PGFRQONROLX58MMC7BN6QN3C4JW9,34KYK9TV2TLKLLV7ODFR499YDUASBU,80,4,5,5,6,Mon Jan 09 2023 16:54:24 GMT-0500 (Eastern Standard Time)
132,A9KWYMXWWP9KO,0,0,0.8,0.6538461538461539,0.5625,0.0,108,4,1,5,hobby,hobby,5.0,dy4ri6FK6WkjdKux9,3E4GGUZ1TB4UW9GXQDIG0EABEU32K3,3CMIQF80GP322TZZ0I9EYT85H5F6QZ,90,4,3,6,2,Mon Jan 09 2023 14:59:08 GMT-0600 (Central Standard Time)
133,A2I8G3MBSRJWU2,1,0,1.0,0.9615384615384616,0.9375,1.0,68,3,2,5,hobby,hobby,5.0,Qpht87oxS2Xas9oHL,3Z7ISHFUH3807JH86VURXKBR431Z8I,3J06WJ78HPXFMRAHNPBWG8NCFQKVV8,100,7,7,7,7,Mon Jan 09 2023 15:36:26 GMT-0500 (Eastern Standard Time)
134,A3GWGB0AWQQGQV,1,1,1.0,0.7307692307692307,0.5625,-1.0,359,5,0,5,hobby,expert,3.0,TJpP6E94bhX2CPrfS,37M28K1J0TQOQS5JL7BJ5HTWBS9JA4,3EPG8DX9LM3LJDY6VMKK6I4VGEH5PQ,75,4,3,2,1,Mon Jan 09 2023 14:10:26 GMT-0500 (Eastern Standard Time)
135,A90DM3TWIFQ9Z,0,1,1.0,0.8461538461538461,0.75,1.0,123,5,0,5,expert,expert,5.0,M8Fathg4zocD7kzSe,3R2PKQ87NZLTXIU20SGO279WSUAMIG,37VHPF5VYEGLC684OF5HY2FFJL38CH,80,5,5,6,5,Mon Jan 09 2023 14:14:21 GMT-0500 (Eastern Standard Time)
136,A2OK9P9QCBZKMB,0,0,1.0,0.6923076923076923,0.5,1.0,183,2,3,5,lay,lay,4.0,neAywXYHAhuGJmRE7,3W92K5RLWXU0BHTW70YL0UO4E23V5L,36KM3FWE3TPXI0852UKRP1HJZC1701,15,5,6,4,3,Mon Jan 09 2023 16:12:08 GMT-0500 (Eastern Standard Time)
137,A3U27ZHUGOPIAN,1,0,1.0,0.7307692307692307,0.5625,1.0,164,4,1,5,lay,hobby,5.0,sLLbwL6pPhiGxxKf8,3W2LOLRXLESB0TXI53XH1MIJQL6RKS,3G9UA71JVX74K69RO2UX76WFYL6J7J,75,6,5,5,6,Mon Jan 09 2023 13:02:28 GMT-0700 (Mountain Standard Time)
138,A3RXDY3TOFFCQ8,1,1,0.3,0.5384615384615384,0.6875,0.0,64,5,0,5,hobby,expert,2.0,oJLnPgJY4vGrETW39,3H0W84IWBNF8ET589HME3R5E6PNREN,3P520RYKCJJYBI62C8JEGORUOV9U5B,90,3,3,2,4,Mon Jan 09 2023 16:27:45 GMT-0500 (Eastern Standard Time)
139,A2L4EV1EABDY7P,1,0,0.8,0.6538461538461539,0.5625,0.3333333333333333,136,3,2,5,hobby,hobby,6.0,cvvFYG4NGyRdSHP5d,3VD82FOHKT1QKITELYZFJ806APGOC6,324N5FAHSZO16GG5OLXPEZCVZSDVKM,95,5,5,6,4,Mon Jan 09 2023 15:01:15 GMT-0500 (Eastern Standard Time)
140,A1BTHEZ4CGM868,1,0,1.0,0.9230769230769231,0.875,1.0,122,2,3,5,hobby,expert,4.0,RFZSWRRoBmvizcgve,3BGYGHDBB0XZFTC717CC0IOHXUB22B,3J06WJ78HPXFMRAHNPBWG8NCFQKVV8,26,4,4,4,4,Mon Jan 09 2023 15:17:16 GMT-0500 (GMT-05:00)
141,APCJX37V0OIH8,0,1,0.7,0.6538461538461539,0.625,0.0,184,5,0,5,hobby,partial,5.0,CGCykJdKi48C2WmqQ,3LPW2N6LKWF0Y24W2AOG48ML0UEU5D,35ZRNT9RUKB0KYZ123JC2L1LSDUO32,90,6,5,6,5,Mon Jan 09 2023 11:43:43 GMT-0800 (Pacific Standard Time)
142,A1JCI4LMNRO2DL,1,1,0.7,0.5384615384615384,0.4375,0.0,191,5,0,5,hobby,hobby,6.0,aa7XxZbKXbtpqbDox,3YHH42UU5ESYK5V1WQQ3WQUB6VU0LO,3RHLQY6EDVHUYXRGC8AF1WHS2ZJ4D6,100,7,7,4,3,Mon Jan 09 2023 13:32:32 GMT-0500 (Eastern Standard Time)
144,A2MJMYMAZTL46O,1,0,0.9,0.6538461538461539,0.5,0.0,182,3,2,5,expert,expert,6.0,opEo7APv2zWNSe6Pu,3ZAK8W07I7R13VIV54I4NDQUJNAU01,3J06WJ78HPXFMRAHNPBWG8NCFQKVV8,80,6,5,7,7,Mon Jan 09 2023 14:17:29 GMT-0600 (Central Standard Time)
145,AG7VKB8JSN5V1,0,1,0.9,0.7307692307692307,0.625,0.0,127,5,0,5,hobby,hobby,5.0,nqE6mW7ARanz59r2X,30LSNF239X83QEQ9QAX4NYVYMQK2IY,3G5RUKN2EEG4HFO5IXK9E9422V09NQ,80,5,4,5,4,Mon Jan 09 2023 15:55:27 GMT-0600 (Central Standard Time)
146,A3H7G15ZJ4W5OK,1,1,1.0,0.9230769230769231,0.875,-1.0,158,5,0,5,hobby,expert,7.0,RGQ424ARERdNp2Tc9,3IXQG4FA2WB43QX259K2BYZZX5JB9X,3J94SKDEKK2CUGVGQDTP6ON62VED5K,75,6,5,6,5,Mon Jan 09 2023 11:16:26 GMT-0800 (Pacific Standard Time)
147,A1BGJG22X6REWU,0,1,0.4,0.5769230769230769,0.6875,0.3333333333333333,69,5,0,5,expert,hobby,4.0,tjgNGFsFQRBxFEFyS,3TMSXRD2X9DE2OSIWN15J6U19V21WL,3TUOHPJXYJAK55FHDEHAQV3B2AUWXM,80,6,3,5,2,Mon Jan 09 2023 14:38:37 GMT-0700 (Mountain Standard Time)
148,A3V7XNF792I2VE,1,1,1.0,0.9615384615384616,0.9375,1.0,104,5,0,5,lay,partial,7.0,2EnM9AEoomZmcCW5h,3LPW2N6LKWF0Y24W2AOG48ML0VLU5M,3J06WJ78HPXFMRAHNPBWG8NCFQKVV8,70,7,4,6,6,Mon Jan 09 2023 15:20:09 GMT-0500 (Eastern Standard Time)
149,A1H8AO3Z2HY5DA,0,0,0.6,0.6153846153846154,0.625,0.0,88,2,3,5,hobby,lay,7.0,tpdhQZ3s6xz9wZoEx,3VHP9MDGRQXWE5GLMVGPWERSIOFCFY,3NI0WFPPIBTEE0U0JKFZJNHN41G600,67,4,1,7,7,Mon Jan 09 2023 14:23:31 GMT-0800 (Pacific Standard Time)
150,A35P3NRN4J2NH7,0,0,1.0,0.5769230769230769,0.3125,1.0,136,4,1,5,expert,hobby,7.0,uZNkQJAG4n7hWbuCg,33LK57MYLWIIQ3WHKT0WEBBSGWYSZZ,388FBO7JZT6JIGWDQ9CPDQXTB4KNYS,80,6,5,7,6,Mon Jan 09 2023 14:37:47 GMT-0500 (Eastern Standard Time)
151,ACQZS7WHRST3P,1,0,0.5,0.46153846153846156,0.4375,0.0,117,2,3,5,expert,expert,7.0,ypvnP8YhPubbpb9YX,3EFE17QCRFIWZIWNE7UPE47NK6QHS7,301KG0KX9EY17ZHVUQAHZ2ZSADGH2W,80,4,4,6,5,Mon Jan 09 2023 15:04:14 GMT-0500 (Eastern Standard Time)
152,A10C8URL7YQ2AO,0,0,1.0,0.8076923076923077,0.6875,-1.0,70,4,1,5,hobby,hobby,7.0,CAnq8eunAtaKWJjAE,3R5F3LQFV5X3SB4ODCJNU61RJ7RZO5,37VHPF5VYEGLC684OF5HY2FFJL38CH,97,7,5,6,6,Mon Jan 09 2023 12:49:18 GMT-0700 (GMT-07:00)
153,A2CH688YMMSZ6P,1,0,0.1,0.2692307692307692,0.375,0.1111111111111111,68,3,2,5,expert,hobby,4.0,RWuoeCidZNvohHduX,3B2X28YI3ZSHL7V472HQRO8X7496BF,3TRB893CSLNUT4JQGW9UAT4Z6TP7G3,80,3,4,5,3,Mon Jan 09 2023 13:11:57 GMT-0600 (GMT-06:00)
154,A18JQJZSUZBB6,0,0,0.2,0.07692307692307693,0.0,0.2222222222222222,177,4,1,5,expert,hobby,4.0,EJQo8u85GqktnmM5W,3M81GAB8A3WAVPEOMBVOXTPO76CBQA,3PKVGQTFIJX4XEO5JGT6MA23C19RYK,99,5,3,3,2,Mon Jan 09 2023 16:43:45 GMT-0500 (Eastern Standard Time)
155,A2JDYN6QM8M5UN,0,1,1.0,0.8076923076923077,0.6875,1.0,60,5,0,5,lay,lay,4.0,RRTyAsRZFsKPmhraB,33SA9F9TR07DMPMU8BWKQQDVY3FEWO,3TRB893CSLNUT4JQGW9UAT4Z6TP7G3,50,3,2,1,5,Mon Jan 09 2023 11:08:44 GMT-0800 (Pacific Standard Time)
156,A1ZLSCWRCVDPDS,1,1,1.0,0.9230769230769231,0.875,1.0,79,5,0,5,hobby,hobby,7.0,Tf25pha26oZMan4fT,3V0Z7YWSI1D8CKA9PHWN2NLSUSA2VP,3CMIQF80GP322TZZ0I9EYT85H5F6QZ,70,5,5,5,7,Mon Jan 09 2023 16:02:33 GMT-0500 (Eastern Standard Time)
157,A1M2O99ZG99LKN,0,0,0.7,0.5384615384615384,0.4375,0.0,46,4,1,5,partial,hobby,4.0,zYPSZJ3dcjJp2WPos,3KRVW3HTZQYIRWXY54A269FJ1T0SM4,3TUOHPJXYJAK55FHDEHAQV3B2AUWXM,80,4,5,4,7,Mon Jan 09 2023 17:11:49 GMT-0500 (Eastern Standard Time)
158,AO12WBQ0VVH2H,1,0,1.0,0.8846153846153846,0.8125,-1.0,138,3,2,5,hobby,hobby,7.0,vkqNYMg5ZwwGey3Pd,3EFVCAY5L6MA74C4O9R59QN1L49J80,3EPG8DX9LM3LJDY6VMKK6I4VGEH5PQ,80,7,6,5,7,Mon Jan 09 2023 14:25:42 GMT-0500 (Eastern Standard Time)
159,A1SP00ZAF6OWI9,1,1,0.2,0.15384615384615385,0.125,0.1111111111111111,262,5,0,5,hobby,hobby,4.0,HbWwxst7KoJHHE7xu,38BQUHLA9ZD3T455YNTTM45I430MO2,3MG8450X2QN24SOLWNSSEUWBFV9UPW,60,5,5,6,5,Mon Jan 09 2023 11:05:57 GMT-0800 (Pacific Standard Time)
160,AAWG30R1UHKTO,1,0,1.0,1.0,1.0,1.0,73,3,2,5,hobby,hobby,5.0,ztjfi2CCZAioPmn4B,34YB12FSQ11F1RO7A4GLHVWGDIBGMD,34R3P23QHUENJFF28AZON9FHEKCHWF,80,6,5,5,4,Mon Jan 09 2023 17:27:03 GMT-0500 (Eastern Standard Time)
162,A3B9P00TFJECSO,0,1,1.0,0.8076923076923077,0.6875,-1.0,108,5,0,5,hobby,hobby,6.0,kQuquHa5t2scPM4Ab,32VNZTT0AAHQMR8FKBA1U5TNT0X4RY,3TUOHPJXYJAK55FHDEHAQV3B2AUWXM,97,2,3,6,6,Mon Jan 09 2023 16:37:43 GMT-0500 (Eastern Standard Time)
163,A3A27SMPYAYN8S,1,1,0.9,0.5384615384615384,0.3125,0.0,292,5,0,5,hobby,hobby,5.0,2rw8QyxhQhpTL6hj2,3LO69W1SU6QVV96MASF6HIHRDCVLGO,3UXQ63NLACZXH80H44IQSNV3L02BLZ,95,5,6,6,6,Mon Jan 09 2023 14:30:35 GMT-0500 (Eastern Standard Time)
164,A1YTNGH5SMM2CJ,0,1,0.9,0.7307692307692307,0.625,0.0,124,5,0,5,lay,partial,5.0,EsXMiNz6YeAEjhf93,345LHZDED05XKNHSOR0NPBO1MYG3UP,3J94SKDEKK2CUGVGQDTP6ON62VED5K,65,5,5,5,7,Mon Jan 09 2023 14:16:15 GMT-0500 (Eastern Standard Time)
165,A1QAHNM59BB6FO,0,1,0.7,0.5769230769230769,0.5,0.4,95,5,0,5,hobby,expert,6.0,HRBZWqNXcFd3QXSzK,3HMVI3QICM5IRTNIBOJT43FHK3S1YA,3J06WJ78HPXFMRAHNPBWG8NCFQKVV8,80,7,6,6,5,Mon Jan 09 2023 15:14:10 GMT-0500 (Eastern Standard Time)
166,A3L1IIBIKBL107,1,1,0.7,0.46153846153846156,0.3125,0.5714285714285714,138,5,0,5,hobby,expert,3.0,jJeBh2iMpzK5DeFQz,3QUO65DNQX1M6CAE7PKFDEMCHQWUOX,34XASH8KLSZJRKJCNL16NKFH297MPX,10,2,3,5,3,Mon Jan 09 2023 16:12:01 GMT-0500 (GMT-05:00)
167,A11JGMLOFFPV65,0,0,0.9,0.7307692307692307,0.625,0.6666666666666666,218,4,1,5,lay,partial,7.0,xWi5pCWtSG4tfgGju,30H4UDGLT5VLE4H6DN68B4A8E86MPT,3NI0WFPPIBTEE0U0JKFZJNHN41G600,80,7,7,6,7,Mon Jan 09 2023 14:23:26 GMT-0500 (Eastern Standard Time)
168,A3AAJIOULPV12E,1,1,1.0,0.7307692307692307,0.5625,1.0,1205,5,0,5,expert,expert,6.0,niNhYK9uQ7PKEq8bb,3DH6GAKTY12FMP8QJZSLWXZTXIHZY9,3H781YYV6VVJ7OK6N4M7FMB5IA2ET6,90,7,5,7,5,Mon Jan 09 2023 17:01:27 GMT-0500 (Eastern Standard Time)
169,A2X71NCKG7AM8D,1,0,1.0,0.9230769230769231,0.875,1.0,100,3,2,5,hobby,hobby,5.0,vrn4T9JvJaujZPN26,3AUQQEL7U861GA7VAUS9JZSDXUX0VA,3UL5XDRDNEW0DLZP95I9KW95R4I85A,100,4,2,4,4,Mon Jan 09 2023 17:01:52 GMT-0500 (Eastern Standard Time)
170,A29PB3QJJ1YA6T,0,1,1.0,0.9615384615384616,0.9375,1.0,80,5,0,5,hobby,expert,7.0,QzGbpjizS7bSgXuYu,30IQTZXKANJTKZCQA9TR7KPYD410X7,3QTFNPMJC8VJN66IMVE8RX6VHYNZNU,75,5,5,7,6,Mon Jan 09 2023 13:38:39 GMT-0500 (Eastern Standard Time)
171,A3LFNZMR4QF3DZ,1,1,1.0,0.9230769230769231,0.875,1.0,125,5,0,5,hobby,hobby,5.0,Qoe7bfB92Y9LMKkBu,3M68NM076KK41ECT3Z3GR3D1PR76RP,34R3P23QHUENJFF28AZON9FHEKCHWF,80,5,6,3,6,Mon Jan 09 2023 17:19:28 GMT-0500 (Eastern Standard Time)
172,ALU19ABETSAY5,0,0,0.9,0.6538461538461539,0.5,0.5,191,4,1,5,lay,partial,6.0,R8HQJ22vB7N4jY4iu,3B3WTRP3DEFAFDX6MGRRA5WV3Z792U,3NI0WFPPIBTEE0U0JKFZJNHN41G600,80,6,6,6,7,Mon Jan 09 2023 11:30:06 GMT-0800 (Pacific Standard Time)
173,A30NTW5IK039YX,0,1,0.3,0.2692307692307692,0.25,0.375,77,5,0,5,partial,partial,1.0,PSmdYCxFXtqWGk8hs,3PW9OPU9PTXSQ8UBI3CYVZEC5NM12G,3O71U79SRD2G4CZ4F250IPKSPTESMJ,30,2,2,3,4,Mon Jan 09 2023 14:41:43 GMT-0500 (Eastern Standard Time)
174,A3FL5SZK2XRTFB,0,1,0.6,0.7692307692307693,0.875,0.5714285714285714,117,5,0,5,expert,hobby,4.0,5Kv7ypaqfdRJctfsr,3KB8R4ZV1HKJI0KAJFQC3FLM1J5GBM,3VGET1QSZ2CQQQ9QV1DCWWQN0HG7W3,85,6,5,5,3,Mon Jan 09 2023 16:54:05 GMT-0500 (Eastern Standard Time)
175,APVZGZM1RA3AZ,1,0,1.0,0.7692307692307693,0.625,1.0,84,3,2,5,lay,hobby,6.0,gFZyw6cuncdA5Mxcb,3QY7M81QHAZ1IAD3WPZBW5RJPAX7KW,3NSCTNUR210EW9S4632NGNF0HSI5AB,70,4,5,3,6,Mon Jan 09 2023 16:22:04 GMT-0600 (Central Standard Time)
176,A1DVSU9JTZ05GN,1,0,1.0,1.0,1.0,1.0,78,3,2,5,hobby,expert,6.0,RRagGJB62EAXczFYG,3NGI5ARFTWIOIFVHK1NARCM5GX41PT,3MXX6RQ9EXI3NUU6HH1A1QYHGIM4PK,95,2,1,4,3,Mon Jan 09 2023 13:51:22 GMT-0500 (Eastern Standard Time)
177,A3B4JVI944MPW0,0,0,1.0,0.9615384615384616,0.9375,1.0,92,4,1,5,expert,expert,4.0,BQXkeyRcF6sffu8Qm,3LPW2N6LKWF0Y24W2AOG48ML0VZ5UB,3UL5XDRDNEW0DLZP95I9KW95R4I85A,75,6,5,5,4,Mon Jan 09 2023 17:26:30 GMT-0500 (Eastern Standard Time)
179,A3FOF3555I8H7X,1,0,0.9,0.7692307692307693,0.6875,0.75,96,2,3,5,expert,hobby,7.0,QqYz8nnzcaakiA4BD,3Z7ISHFUH3807JH86VURXKBR42O8ZC,3NI0WFPPIBTEE0U0JKFZJNHN41G600,90,5,1,5,7,Mon Jan 09 2023 14:34:10 GMT-0500 (Eastern Standard Time)
180,A26WG74M652I3P,0,1,0.7,0.6923076923076923,0.6875,0.0,76,5,0,5,lay,partial,7.0,oB6B5erpdqtRqGYjY,3MD9PLUKKLRLAQ4CCXJAFH1MTYENZ8,3SSN80MU8E1TA5L0O0Y72K9GF3LXKR,90,6,6,7,7,Mon Jan 09 2023 14:01:21 GMT-0800 (Pacific Standard Time)
181,A2HGGHYE7GEL6F,0,0,0.8,0.7307692307692307,0.6875,0.3333333333333333,156,4,1,5,hobby,partial,5.0,n29os6PwqMr9gR8xz,3Z7EFSHGNCRDER76MPMB2LRZMTMXCL,39N6W9XWRF0D8OFR35ZUN6OWASYGYD,95,7,6,6,6,Mon Jan 09 2023 15:11:19 GMT-0500 (Eastern Standard Time)
182,A1QL9RDTTQGHC4,1,1,1.0,0.6923076923076923,0.5,1.0,84,5,0,5,partial,hobby,5.0,9NLpCpyLDBDZAXqH9,3S4AW7T80EVFJTD2FRD58TKON7LL40,3B9XR6P1WG8RMICH1J6DC8IBHBXBJX,80,4,5,5,5,Mon Jan 09 2023 14:47:51 GMT-0500 (Eastern Standard Time)
183,A377MP5OFX08S4,0,0,0.0,0.07692307692307693,0.125,0.0,150,1,4,5,hobby,hobby,3.0,G9MQCxzHKkrLCSX7b,3NC5L260MRZXNUDOC0PGREL9728OFH,324N5FAHSZO16GG5OLXPEZCVZSDVKM,85,2,3,2,5,Mon Jan 09 2023 15:45:49 GMT-0500 (Eastern Standard Time)
184,AG047P90O4UB1,0,0,0.9,0.6923076923076923,0.5625,0.0,87,2,3,5,hobby,hobby,6.0,TfmNoutbnBnqifDrd,3KV0LJBBH5Y6QHXLQFAXGZANFQTMRK,37VHPF5VYEGLC684OF5HY2FFJL38CH,99,5,2,3,3,Mon Jan 09 2023 14:56:05 GMT-0500 (Eastern Standard Time)
185,A23H4T8PZRXUTN,1,1,1.0,0.9615384615384616,0.9375,1.0,163,5,0,5,partial,partial,3.0,P4GsLZiof5bmShz9B,3QBD8R3Z24WNPEGZSJTX0AOIICX4O7,3EGKVCRQFY5HH77GNJ7GMVXZUF6YBE,50,5,4,4,3,Mon Jan 09 2023 15:07:24 GMT-0500 (Eastern Standard Time)
186,A2WXWWKYSQS6E7,0,1,0.9,0.7307692307692307,0.625,0.6666666666666666,105,5,0,5,expert,expert,6.0,2sMcyWSAJ2ns2za3Y,3X4JMASXCPMM7W9P5D19INY6U1H0B2,3LXX8KJXPYMMZ0OHJCKMTY47S549O4,90,6,6,7,5,Mon Jan 09 2023 13:46:16 GMT-0500 (GMT-05:00)
187,A5TWD5QD99GZY,1,0,0.9,0.7307692307692307,0.625,0.0,75,1,4,5,lay,partial,3.0,gB7EiZLhigsPYorAb,3E47SOBEYT9GOWIBN3MAZB4KYHXCIH,34KYK9TV2TLKLLV7ODFR499YDUASBU,50,2,3,3,4,Mon Jan 09 2023 14:26:02 GMT-0800 (Pacific Standard Time)
188,A6G80VHTBZKXM,1,1,0.9,0.6153846153846154,0.4375,0.6666666666666666,124,5,0,5,expert,expert,6.0,DtNjsx5eMNiQrWuEn,352YTHGROYQDXXUCO6Y7G1RH6QJH4W,3EGKVCRQFY5HH77GNJ7GMVXZUF6YBE,90,7,5,7,5,Mon Jan 09 2023 15:11:03 GMT-0500 (Eastern Standard Time)
189,AC3GSBB3EWANA,0,1,1.0,0.7307692307692307,0.5625,-1.0,74,5,0,5,partial,hobby,5.0,Qj7KumRPNpFkJAqju,3570Y55XZSWFV8DLT74WBQJNMSGYGC,33W1NHWFYJYHIJB2JR0K0WCN6GAZTW,90,4,5,6,5,Mon Jan 09 2023 14:53:10 GMT-0600 (Central Standard Time)
190,AMSVPV5BX5XFO,1,1,0.5,0.4230769230769231,0.375,0.0,61,5,0,5,hobby,hobby,6.0,gehs7EWD2AK8wTfN2,3R2PKQ87NZLTXIU20SGO279WSVUMI2,33W1NHWFYJYHIJB2JR0K0WCN6GAZTW,95,4,6,4,5,Mon Jan 09 2023 15:55:40 GMT-0500 (Eastern Standard Time)
191,A1G7KAS5KH6OD8,0,1,0.1,0.34615384615384615,0.5,0.1,55,5,0,5,expert,hobby,6.0,HcQDKFnCPqJ5FnF4Z,3CPLWGV3MRC64ZMZ8ZPB2TZTEU59NS,3G9UA71JVX74K69RO2UX76WFYL6J7J,99,3,3,5,6,Mon Jan 09 2023 14:44:29 GMT-0500 (Eastern Standard Time)
193,A2E0485TWP8V2R,1,0,0.7,0.5384615384615384,0.4375,0.0,217,2,3,5,expert,hobby,4.0,E5YxG9PRL4vr7NDdm,31N2WW6R9U3815K2T25O3BNYCBY3FN,3GITHABAC0YTHV36XO5U4MWOWPP2NQ,95,2,3,1,4,Mon Jan 09 2023 11:34:39 GMT-0800 (Pacific Standard Time)
195,A3U40H7NM3W1KZ,1,0,0.8,0.7307692307692307,0.6875,0.0,129,3,2,5,partial,partial,4.0,gQwi4i2XhncgvaEQX,3WOKGM4L74T6QQYY9I6VO7Y51120OA,31ANT7FQNAFT6W0IC9CFX924UN85HM,40,5,3,5,4,Mon Jan 09 2023 19:48:32 GMT-0300 (Paraguay Summer Time)
196,A2IQV63IPRQ7VF,0,1,0.8,0.7307692307692307,0.6875,0.0,126,5,0,5,hobby,hobby,5.0,HipHzhXEsSRD6AykL,32M8BPYGAWZT58YGPPITP2PZW9MGIS,3UEBBGULPH1QDFZRIKWN20I7DPNUFU,90,6,5,6,6,Mon Jan 09 2023 15:42:57 GMT-0600 (Central Standard Time)
198,A1CUCEYT4XN51I,1,1,1.0,0.7307692307692307,0.5625,1.0,71,5,0,5,partial,expert,2.0,48woDYj3LMNsXbHLT,3A1COHJ8NM8EGYHE09OKXD7M8CFH83,3EGKVCRQFY5HH77GNJ7GMVXZUF6YBE,80,4,2,4,3,Mon Jan 09 2023 14:55:20 GMT-0500 (Eastern Standard Time)
199,A1B4ZB718WAQ98,0,1,0.7,0.7307692307692307,0.75,0.6666666666666666,86,5,0,5,expert,expert,2.0,4QJhTenSHAW6C5JXk,32SCWG5HIKHJP1WEQ7ZRM8DMO9J6PX,34R3P23QHUENJFF28AZON9FHEKCHWF,90,2,2,2,3,Mon Jan 09 2023 17:42:20 GMT-0500 (Eastern Standard Time)
200,A3VQ5JLC35TXZZ,1,1,0.0,0.0,0.0,0.0,89,5,0,5,hobby,expert,1.0,zx6TgmBMf5my57S3f,3URFVVM168VY5GOL9YVWTCTG1UZZU4,3CMIQF80GP322TZZ0I9EYT85H5F6QZ,80,3,3,4,4,Mon Jan 09 2023 16:07:37 GMT-0500 (Eastern Standard Time)
201,A2LHXN1YH0WG99,0,1,1.0,0.9230769230769231,0.875,1.0,167,5,0,5,expert,expert,1.0,WkDv3MB5qoa6cKtDZ,39GAF6DQWUD1NZSD6DW9X4BN2MYV13,36KM3FWE3TPXI0852UKRP1HJZC1701,50,2,1,4,3,Mon Jan 09 2023 16:22:34 GMT-0500 (Eastern Standard Time)
202,A1IEAKQRMQ8CIH,1,1,0.9,0.7307692307692307,0.625,0.6666666666666666,78,5,0,5,hobby,partial,5.0,oxQKXCcvS6FBnjSYu,31EUONYN2YGMJRZECFUK90OVVWHVOX,309D674SH1Y4E46BRRPRP45GRROCBK,80,6,4,5,6,Mon Jan 09 2023 14:05:20 GMT-0500 (Eastern Standard Time)
203,A26GJ8BHJO0JKI,0,1,0.9,0.7692307692307693,0.6875,0.5,183,5,0,5,expert,hobby,6.0,c8Dg8sKMESabyY4FR,3OONKJ5DKFW7AD187Y3K8OUOS5YBO6,34R3P23QHUENJFF28AZON9FHEKCHWF,5,6,5,6,6,Mon Jan 09 2023 15:08:52 GMT-0800 (Pacific Standard Time)
204,A14VV8IL2H3S2Y,0,0,0.9,0.7692307692307693,0.6875,0.0,143,4,1,5,expert,partial,6.0,XEdoHXKa2jMj7sHW2,3VHP9MDGRQXWE5GLMVGPWERSIPZCFK,3CMIQF80GP322TZZ0I9EYT85H5F6QZ,65,5,4,6,5,Mon Jan 09 2023 13:00:01 GMT-0800 (Pacific Standard Time)
205,ACUPJ84DZ037N,1,0,0.9,0.7692307692307693,0.6875,0.75,166,3,2,5,hobby,hobby,4.0,NHJ8PHtpDRhYGjqDC,34S6N1K2ZYW9V51XUYXO2ITSSCXHL8,3LXX8KJXPYMMZ0OHJCKMTY47S549O4,50,5,4,5,5,Mon Jan 09 2023 14:01:43 GMT-0500 (Eastern Standard Time)
207,A2HXCLI7R88X1H,0,1,1.0,0.9230769230769231,0.875,1.0,82,5,0,5,partial,partial,1.0,Hrbjv2qL4LyH9XDhs,3JMSRU9HQL7070MPI1RO4OUHRUAVES,3S37Y8CWIADT73R7T3F5TK6D9FP4WF,66,4,4,7,5,Mon Jan 09 2023 14:23:46 GMT-0500 (Eastern Standard Time)
208,A1J980QNBDG17Z,0,0,0.9,0.8461538461538461,0.8125,0.75,134,1,4,5,partial,hobby,4.0,quco7RMdcSSsArLte,369J354OFGNDCO3FNO94SZZUNIUG61,3VGET1QSZ2CQQQ9QV1DCWWQN0HG7W3,60,3,6,7,4,Mon Jan 09 2023 16:50:10 GMT-0500 (Eastern Standard Time)
209,A3L6PMSC305L61,0,0,0.8,0.8076923076923077,0.8125,0.7777777777777778,85,2,3,5,hobby,expert,3.0,XSW4wNXqYEq4me24E,3DZQRBDBSOSH5APOZM5NAA6D12P3S5,33P2GD6NRP5WOFLLJWGLZYLMRD3KHM,70,3,3,3,3,Mon Jan 09 2023 15:34:41 GMT-0700 (Mountain Standard Time)
210,A2IHI1SKEV34WP,1,0,1.0,0.9615384615384616,0.9375,1.0,107,4,1,5,hobby,hobby,5.0,LT5QAkgKZqKTeghxk,30JNVC0ORCXKM2HAM35KJ4SM2IGHQT,3CIS7GGG67WY71ZVN9CHKIX71O7UEB,60,5,6,3,4,Mon Jan 09 2023 10:27:24 GMT-0800 (Pacific Standard Time)
211,A1YB422QFPK2WX,1,0,1.0,0.7692307692307693,0.625,-1.0,93,2,3,5,hobby,partial,5.0,oBMqdNiznLuHit48b,3EA3QWIZ4L8XADKM9PH0OL4OM2UTIC,3CMIQF80GP322TZZ0I9EYT85H5E6QY,80,5,5,6,5,Mon Jan 09 2023 12:39:58 GMT-0600 (Central Standard Time)
212,A272X64FOZFYLB,0,0,0.8,0.7307692307692307,0.6875,0.5,73,1,4,5,lay,partial,4.0,q6iyf95Ty4o9En8HW,37W3JXSD69LBSU3L8C8EXT5BGFBWYC,3XQ4XW3ODBPQX8VB5KMG3G6UJOWS2R,40,2,2,1,2,Mon Jan 09 2023 14:02:45 GMT-0500 (Eastern Standard Time)
214,A12FTSX85NQ8N9,0,1,1.0,0.8076923076923077,0.6875,1.0,75,5,0,5,lay,lay,5.0,9oGsktjfhPpjQdPv5,3WI0P0II6453MNR8DMBUX9NT6CRRDX,3RHLQY6EDVHUYXRGC8AF1WHS2ZJ4D6,60,4,5,3,4,Mon Jan 09 2023 12:39:13 GMT-0600 (Central Standard Time)
215,A20T1S26WW0GV2,1,1,0.1,0.11538461538461539,0.125,0.0,78,5,0,5,partial,hobby,3.0,ka4XoRq4nzRW5NTLK,3PWWM24LHVBA18EWHOLDA91KJT082F,39N6W9XWRF0D8OFR35ZUN6OWASYGYD,75,2,3,1,4,Mon Jan 09 2023 15:15:19 GMT-0500 (Eastern Standard Time)
216,AI5RMOS8R652G,0,1,1.0,0.8076923076923077,0.6875,1.0,95,5,0,5,partial,lay,5.0,wNgmR6A4QAzTmYhQ4,3QL2OFSM99V82XT2KJZ24J01KGQNC7,3G5RUKN2EEG4HFO5IXK9E9422V09NQ,85,5,5,3,4,Mon Jan 09 2023 16:47:50 GMT-0500 (Eastern Standard Time)
217,ABD5ETZQNIXFH,0,0,0.3,0.38461538461538464,0.4375,0.0,248,3,2,5,hobby,hobby,5.0,qoCMikwNSwxJ9fdTJ,3M68NM076KK41ECT3Z3GR3D1PQH6RX,3UXQ63NLACZXH80H44IQSNV3L02BLZ,85,4,5,5,5,Mon Jan 09 2023 14:26:33 GMT-0500 (Eastern Standard Time)
218,A3332PR28P0PET,0,1,1.0,0.9615384615384616,0.9375,1.0,80,5,0,5,hobby,hobby,7.0,sR7WnFr8qMZiwyJzZ,3DBQWDE4Y9BN3CKN59CUQDURSY55NG,3MG8450X2QN24SOLWNSSEUWBFV9UPW,100,7,7,7,7,Mon Jan 09 2023 13:38:41 GMT-0500 (Eastern Standard Time)
219,A1PEIYUQQU2BRM,0,1,0.5,0.5,0.5,0.16666666666666666,64,5,0,5,expert,expert,2.0,g6noPeJcDZv9MQa2g,3S06PH7KSUHFTISRFSWFRI5G2FVD1N,36KM3FWE3TPXI0852UKRP1HJZC1701,90,2,2,3,2,Mon Jan 09 2023 16:33:18 GMT-0500 (Eastern Standard Time)
220,ADP3FQJ88ATS0,0,1,0.3,0.15384615384615385,0.0625,0.0,78,5,0,5,expert,expert,2.0,zop4au727ueFRzTNj,3Z4AIRP3C9QTROX86SXRLP88IWT1XX,39WSF6KUV4Y3UWFYRN08LC5IJ2KOET,70,2,2,5,4,Mon Jan 09 2023 14:55:53 GMT-0500 (Colombia Standard Time)
222,ABYFO7OGP0V1C,1,1,0.9,0.8461538461538461,0.8125,0.8571428571428571,93,5,0,5,expert,hobby,7.0,zx4XEPjZJvyqrj7bw,3IX2EGZR7EWGP9R0NIX507I6BWSJR7,31D0ZWOD0CCF12639XWBZSJ90K6A0U,75,3,3,5,5,Mon Jan 09 2023 15:55:54 GMT-0300 (Chile Summer Time)
223,A39VAFCIGP83ER,1,0,1.0,1.0,1.0,1.0,101,1,4,5,expert,expert,4.0,NNKwp49seBe7BBqvs,34QN5IT0T2435YBI21HZRL85MVW80B,3LXX8KJXPYMMZ0OHJCKMTY47S549O4,50,2,1,4,3,Mon Jan 09 2023 13:53:31 GMT-0500 (Eastern Standard Time)
224,A1DGNPYA2T6JA3,1,0,0.8,0.4230769230769231,0.1875,0.6666666666666666,91,4,1,5,expert,expert,4.0,HARhTKrYRZbX6CohF,39LNWE0K4X9CAQZB9U7ATHQQ5H2IUV,3HEADTGN2R5NTKT0E56MFBY9UK7RVB,100,6,6,7,5,Mon Jan 09 2023 01:36:23 GMT-0500 (Eastern Standard Time)
225,A159NG9MHV7E7V,1,1,0.7,0.38461538461538464,0.1875,0.625,68,5,0,5,expert,expert,4.0,jtR3h2XLcK9uaHBFS,386PBUZZXIA5MBWNIY09EV9754CLJS,3UXQ63NLACZXH80H44IQSNV3L02BLZ,80,3,4,5,6,Mon Jan 09 2023 14:27:10 GMT-0500 (Eastern Standard Time)
226,A291KPOUT5WMAC,0,1,0.6,0.8076923076923077,0.9375,0.5,82,5,0,5,lay,hobby,5.0,rGc5uyc4ymZDcR4Dw,3V5Q80FXI04O0B8Q57QHJST938O320,3UL5XDRDNEW0DLZP95I9KW95R4I85A,99,6,5,6,6,Mon Jan 09 2023 16:59:10 GMT-0500 (Eastern Standard Time)
227,AV2KR2UIT5SQR,1,1,0.0,0.19230769230769232,0.3125,0.0,72,5,0,5,partial,hobby,2.0,3D5nMHsQJtQowdNB9,3MB8LZR5BI60XV250J0LFA9KKTBLKQ,3B9XR6P1WG8RMICH1J6DC8IBHBXBJX,80,2,1,3,3,Mon Jan 09 2023 14:22:47 GMT-0500 (Eastern Standard Time)
228,AHF4MBFFYHVFG,0,0,1.0,0.8846153846153846,0.8125,1.0,61,2,3,5,hobby,hobby,4.0,HZuMMFtwRBmCFa8Hs,379J5II41RTXBVAV4XPIHFWF0W4LEV,3MG8450X2QN24SOLWNSSEUWBFV9UPW,85,4,3,4,3,Mon Jan 09 2023 12:47:16 GMT-0600 (Central Standard Time)
230,ARJQ3C111PC56,1,1,1.0,0.7692307692307693,0.625,1.0,167,5,0,5,hobby,hobby,5.0,TNj8mDMSxD3cKmreY,3Y9N9SS8L1OB3L662WAYFBKD0ZAD3G,3VEI3XUCZTAAO0W4STXN9J9R8W6RPQ,70,7,6,5,6,Mon Jan 09 2023 15:36:43 GMT-0600 (Central Standard Time)
231,A1OOKJSDVH7LSS,1,1,0.9,0.6538461538461539,0.5,0.0,154,5,0,5,hobby,hobby,7.0,ifMpCvuTN4zRwr4hc,32Z9ZLUT1OXH1Q4U7QDGUZXMNH2HOP,3LXX8KJXPYMMZ0OHJCKMTY47S549O4,92,4,1,6,5,Mon Jan 09 2023 13:59:28 GMT-0500 (Eastern Standard Time)
232,AS66AO98XNCUP,0,0,1.0,1.0,1.0,1.0,111,3,2,5,expert,expert,7.0,D2x5pzMdQhjxjYhbF,3D4CH1LGED60U75DLVCGC9QWDII9GJ,3UDTAB6HH8C1WJWYHRIB3X8PU2O90E,50,3,3,3,3,Mon Jan 09 2023 15:17:50 GMT-0500 (Eastern Standard Time)
234,AVEV8X13Y4JSR,1,0,0.6,0.6153846153846154,0.625,0.0,589,2,3,5,hobby,partial,5.0,pw49RHCQ9trKeqA5i,3O6CYIULEGEUBLJGYBBPU8ZYKSWWUC,3P520RYKCJJYBI62C8JEGORUOV9U5B,90,6,5,6,5,Mon Jan 09 2023 21:33:39 GMT-0500 (Eastern Standard Time)
235,A3ETC700NZ5VOM,0,1,0.1,0.11538461538461539,0.125,0.1111111111111111,83,5,0,5,hobby,expert,4.0,mkMP2EtEw4iktQjMK,3M23Y66PO5KG2TC6IO3LHDIXBSN6S8,3XQ4XW3ODBPQX8VB5KMG3G6UJOWS2R,80,2,2,2,1,Mon Jan 09 2023 14:29:20 GMT-0500 (Eastern Standard Time)
236,A3APKUC67F9IMW,1,0,1.0,0.8461538461538461,0.75,1.0,59,3,2,5,lay,partial,4.0,WH5Bx7vw9rHb2CFjY,386PBUZZXIA5MBWNIY09EV9754GJLU,35ZRNT9RUKB0KYZ123JC2L1LSDUO32,50,4,5,4,6,Mon Jan 09 2023 14:48:35 GMT-0500 (Eastern Standard Time)
237,A2DT4CC9GYKJEV,1,0,0.8,0.6923076923076923,0.625,0.0,171,2,3,5,hobby,hobby,7.0,EaXsGweEE5rHCPf52,3L6L49WXW3A1H4AHN4XYR4OR1H754I,3CIS7GGG67WY71ZVN9CHKIX71O7UEB,100,7,2,7,7,Mon Jan 09 2023 13:10:10 GMT-0600 (Central Standard Time)
238,A3KE8OGDK4N028,0,0,0.9,0.9230769230769231,0.9375,0.8571428571428571,117,2,3,5,expert,expert,5.0,9kRuHX8Eg38xG3qEB,3XLBSAQ9Z7PW75CPWQ2LJKFWTIT7ZZ,39N6W9XWRF0D8OFR35ZUN6OWASYGYD,10,6,7,6,6,Mon Jan 09 2023 14:07:51 GMT-0600 (GMT-06:00)
239,A2O4Q1SY2XRFGY,1,1,1.0,1.0,1.0,1.0,100,5,0,5,expert,hobby,5.0,im4nYdPRSW6z4QzNP,324G5B4FB6LZ5K6ZSWPTDLCABCQ70P,3SSN80MU8E1TA5L0O0Y72K9GF3LXKR,50,2,1,4,3,Mon Jan 09 2023 17:18:19 GMT-0500 (Eastern Standard Time)
240,A1N4I04LFE9LOK,1,1,1.0,0.9615384615384616,0.9375,1.0,129,5,0,5,partial,partial,5.0,mXNeFg24cMj5d7ewk,3JBT3HLQFBFLDBGPSCW2J66HTCFZPE,3XD2A6FGFP71XSGAQT1VD3E8PU79S1,50,2,1,4,3,Mon Jan 09 2023 13:59:01 GMT-0500 (Eastern Standard Time)
241,A29YQZL87U2GVU,1,0,1.0,1.0,1.0,1.0,142,3,2,5,hobby,hobby,6.0,vNskNFH9HFL6z6Nzh,34Z02EIMIVQM3I365ZSUIH4S080T04,324N5FAHSZO16GG5OLXPEZCVZSDVKM,95,4,6,5,7,Mon Jan 09 2023 15:11:02 GMT-0500 (Eastern Standard Time)
242,A2L7NN5S0QU12V,1,0,0.1,0.07692307692307693,0.0625,0.125,45,2,3,5,expert,expert,4.0,MHat3HKkwbxJxpd2E,3B3WTRP3DEFAFDX6MGRRA5WV30R92G,3XU80RHWH1THY18NJX9MYSNMPMR44U,88,4,2,5,3,Mon Jan 09 2023 16:01:23 GMT-0500 (Eastern Standard Time)
244,A1Q13T5CR3AUC,0,1,0.0,0.07692307692307693,0.125,0.0,40,5,0,5,expert,expert,3.0,zpg3YB8CwJaq59fyy,3WT783CTPEU61O45HTUTDO073QWBCO,39WSF6KUV4Y3UWFYRN08LC5IJ2KOET,100,4,4,5,6,Mon Jan 09 2023 20:34:25 GMT-0800 (GMT-08:00)
245,AY54ZI7Z8AK6T,1,1,1.0,0.7307692307692307,0.5625,-1.0,78,5,0,5,partial,hobby,6.0,2dERCEbdydeeTbXh9,39GAF6DQWUD1NZSD6DW9X4BN2LL1VU,39WSF6KUV4Y3UWFYRN08LC5IJ2KOET,70,7,6,6,5,Mon Jan 09 2023 14:56:44 GMT-0500 (Eastern Standard Time)
247,AZ737VU2O528H,0,1,0.8,0.6153846153846154,0.5,0.3333333333333333,124,5,0,5,hobby,hobby,6.0,oTwzprHWyiyvBTmcW,3RANCT1ZVIU2NIL53KFT7UMDAQNBUI,3MXX6RQ9EXI3NUU6HH1A1QYHGIM4PK,90,5,6,7,6,Mon Jan 09 2023 13:51:14 GMT-0500 (Eastern Standard Time)
248,A3RIGEQBW0I9YG,1,1,0.9,0.6923076923076923,0.5625,0.0,334,5,0,5,hobby,hobby,5.0,KMBDH4SoyKm5iJ653,3Z4XG4ZF4B4B2OHT5D660ZVGW2PX83,37VHPF5VYEGLC684OF5HY2FFJL38CH,75,2,3,1,4,Mon Jan 09 2023 14:22:24 GMT-0500 (Eastern Standard Time)
249,A16N2JY89NKZN0,1,1,1.0,0.9230769230769231,0.875,1.0,93,5,0,5,hobby,hobby,3.0,diNGyyYnAwid3cEQ7,37UQDCYH608FYL7FVTDIYE2058WV7Y,337F8MIIM1Q0ZDQM0WMKMPX98AB04A,100,5,6,4,4,Mon Jan 09 2023 16:43:27 GMT-0500 (Eastern Standard Time)
250,A2NAONUAYM1I73,1,1,1.0,0.7307692307692307,0.5625,1.0,212,5,0,5,hobby,hobby,3.0,hX8RLggjMypR4mhK6,3RSDURM96DZHBUHUNCE8BNYB9C2YEW,3JYPJ2TAYKLDLARV1YXTSUV858VPFT,70,3,4,5,5,Mon Jan 09 2023 16:13:09 GMT-0500 (Eastern Standard Time)
251,A2LX34J6WPSF8N,1,1,0.6,0.5384615384615384,0.5,0.0,160,5,0,5,hobby,hobby,6.0,WiFxm3ppXJvgb3bis,34YB12FSQ11F1RO7A4GLHVWGDHIMGO,37VHPF5VYEGLC684OF5HY2FFJL38CH,90,6,6,6,6,Mon Jan 09 2023 14:23:13 GMT-0500 (Eastern Standard Time)
